CD_MUN,CIDADE,UF,LAT,LON
1100015,Alta Floresta D'Oeste,RO,-11.929405,-61.999824
1100023,Ariquemes,RO,-9.916701,-63.040025
1100031,Cabixi,RO,-13.347918,-60.613481
1100049,Cacoal,RO,-11.361437,-61.317243
1100056,Cerejeiras,RO,-13.195837,-60.818358
1100064,Colorado do Oeste,RO,-13.130688,-60.580483
1100072,Corumbiara,RO,-13.197647,-61.184535
1100080,Costa Marques,RO,-12.541863,-64.190234
1100098,Espigão D'Oeste,RO,-11.524692,-61.039783
1100106,Guajará-Mirim,RO,-10.794807,-65.209498
1100114,Jaru,RO,-10.479697,-62.47061
1100122,Ji-Paraná,RO,-10.922483,-61.950242
1100130,Machadinho D'Oeste,RO,-9.380569,-62.176995
1100148,Nova Brasilândia D'Oeste,RO,-11.745024,-62.000039
1100155,Ouro Preto do Oeste,RO,-10.712485,-62.250551
1100189,Pimenta Bueno,RO,-11.755623,-60.906781
1100205,Porto Velho,RO,-9.785231,-64.596754
1100254,Presidente Médici,RO,-11.206989,-61.842798
1100262,Rio Crespo,RO,-9.607007,-62.663569
1100288,Rolim de Moura,RO,-11.651611,-61.768564
1100296,Santa Luzia D'Oeste,RO,-11.907337,-61.784841
1100304,Vilhena,RO,-12.763611,-60.243663
1100320,São Miguel do Guaporé,RO,-11.70992,-62.680683
1100338,Nova Mamoré,RO,-10.393887,-64.681108
1100346,Alvorada D'Oeste,RO,-11.242631,-62.414387
1100379,Alto Alegre dos Parecis,RO,-12.174142,-61.800444
1100403,Alto Paraíso,RO,-9.705009,-63.377058
1100452,Buritis,RO,-10.230399,-63.795354
1100502,Novo Horizonte do Oeste,RO,-11.700969,-61.994406
1100601,Cacaulândia,RO,-10.228862,-62.904509
1100700,Campo Novo de Rondônia,RO,-10.567843,-63.713638
1100809,Candeias do Jamari,RO,-9.391804,-63.622135
1100908,Castanheiras,RO,-11.472265,-61.948335
1100924,Chupinguaia,RO,-12.555988,-60.722571
1100940,Cujubim,RO,-9.006254,-62.428148
1101005,Governador Jorge Teixeira,RO,-10.510733,-62.942746
1101104,Itapuã do Oeste,RO,-9.172624,-63.236495
1101203,Ministro Andreazza,RO,-11.127105,-61.512552
1101302,Mirante da Serra,RO,-10.99478,-62.623227
1101401,Monte Negro,RO,-10.251983,-63.266717
1101435,Nova União,RO,-10.905551,-62.482809
1101450,Parecis,RO,-12.118593,-61.595814
1101468,Pimenteiras do Oeste,RO,-13.407366,-61.27289
1101476,Primavera de Rondônia,RO,-11.832628,-61.303848
1101484,São Felipe D'Oeste,RO,-11.898925,-61.501468
1101492,São Francisco do Guaporé,RO,-12.018553,-63.267083
1101500,Seringueiras,RO,-11.85234,-62.98052
1101559,Teixeirópolis,RO,-10.932655,-62.237163
1101609,Theobroma,RO,-10.216244,-62.355905
1101708,Urupá,RO,-11.119263,-62.349777
1101757,Vale do Anari,RO,-9.880628,-62.131927
1101807,Vale do Paraíso,RO,-10.421387,-62.179986
1200013,Acrelândia,AC,-9.823373,-66.939077
1200054,Assis Brasil,AC,-10.945877,-69.523445
1200104,Brasiléia,AC,-11.071157,-68.622144
1200138,Bujari,AC,-9.817895,-68.016842
1200179,Capixaba,AC,-10.552901,-67.998888
1200203,Cruzeiro do Sul,AC,-7.669864,-72.587699
1200252,Epitaciolândia,AC,-11.014731,-68.836745
1200302,Feijó,AC,-8.185782,-70.25536
1200328,Jordão,AC,-9.180335,-71.902551
1200336,Mâncio Lima,AC,-7.801807,-73.784394
1200344,Manoel Urbano,AC,-8.85549,-69.259587
1200351,Marechal Thaumaturgo,AC,-8.908443,-72.592705
1200385,Plácido de Castro,AC,-10.364757,-67.258273
1200393,Porto Walter,AC,-8.665194,-72.608231
1200401,Rio Branco,AC,-10.196649,-67.647633
1200427,Rodrigues Alves,AC,-7.854753,-72.727864
1200435,Santa Rosa do Purus,AC,-9.19052,-70.50353
1200450,Senador Guiomard,AC,-10.147944,-67.488096
1200500,Sena Madureira,AC,-9.065579,-68.563059
1200609,Tarauacá,AC,-8.235311,-71.155249
1200708,Xapuri,AC,-10.651047,-68.44056
1200807,Porto Acre,AC,-9.601079,-67.517098
1300029,Alvarães,AM,-4.008077,-64.8756
1300060,Amaturá,AM,-3.363136,-68.131884
1300086,Anamã,AM,-3.580526,-61.421847
1300102,Anori,AM,-3.970889,-61.694218
1300144,Apuí,AM,-7.386964,-59.510114
1300201,Atalaia do Norte,AM,-5.892426,-71.25777
1300300,Autazes,AM,-3.888234,-59.295016
1300409,Barcelos,AM,-0.429712,-63.828826
1300508,Barreirinha,AM,-2.757998,-57.240459
1300607,Benjamin Constant,AM,-4.39826,-69.590367
1300631,Beruri,AM,-4.246089,-62.542316
1300680,Boa Vista do Ramos,AM,-2.81016,-57.560521
1300706,Boca do Acre,AM,-8.697491,-67.443098
1300805,Borba,AM,-5.326364,-59.975829
1300839,Caapiranga,AM,-3.487709,-61.856209
1300904,Canutama,AM,-6.521599,-64.394243
1301001,Carauari,AM,-5.700631,-66.893322
1301100,Careiro,AM,-4.399368,-60.544808
1301159,Careiro da Várzea,AM,-3.144148,-59.557458
1301209,Coari,AM,-4.97572,-63.246531
1301308,Codajás,AM,-3.690204,-62.268435
1301407,Eirunepé,AM,-6.632823,-69.783627
1301506,Envira,AM,-7.437796,-70.137234
1301605,Fonte Boa,AM,-2.978914,-66.004554
1301654,Guajará,AM,-7.37987,-72.921124
1301704,Humaitá,AM,-7.282933,-63.344572
1301803,Ipixuna,AM,-7.2902,-71.921351
1301852,Iranduba,AM,-3.245038,-60.226381
1301902,Itacoatiara,AM,-3.154543,-58.295491
1301951,Itamarati,AM,-6.269119,-68.426564
1302009,Itapiranga,AM,-2.678605,-58.039605
1302108,Japurá,AM,-1.863063,-69.015725
1302207,Juruá,AM,-3.761097,-66.000889
1302306,Jutaí,AM,-4.096306,-68.914939
1302405,Lábrea,AM,-8.308709,-65.510992
1302504,Manacapuru,AM,-3.456856,-60.871093
1302553,Manaquiri,AM,-3.563563,-60.514924
1302603,Manaus,AM,-2.966701,-60.012705
1302702,Manicoré,AM,-6.107318,-60.469102
1302801,Maraã,AM,-1.817055,-65.318312
1302900,Maués,AM,-4.358018,-57.557515
1303007,Nhamundá,AM,-1.960349,-57.365107
1303106,Nova Olinda do Norte,AM,-3.688302,-59.093994
1303205,Novo Airão,AM,-2.581175,-61.053527
1303304,Novo Aripuanã,AM,-5.415396,-60.37136
1303403,Parintins,AM,-2.62885,-56.736303
1303502,Pauini,AM,-7.880351,-67.845818
1303536,Presidente Figueiredo,AM,-1.946878,-60.360423
1303569,Rio Preto da Eva,AM,-2.654649,-59.449251
1303601,Santa Isabel do Rio Negro,AM,-0.324915,-66.732329
1303700,Santo Antônio do Içá,AM,-3.380389,-68.010574
1303809,São Gabriel da Cachoeira,AM,0.022061,-66.669308
1303908,São Paulo de Olivença,AM,-3.440312,-69.123517
1303957,São Sebastião do Uatumã,AM,-2.03355,-58.987355
1304005,Silves,AM,-2.640226,-58.563354
1304062,Tabatinga,AM,-4.04708,-69.508292
1304104,Tapauá,AM,-5.625386,-64.963843
1304203,Tefé,AM,-3.354256,-64.707911
1304237,Tonantins,AM,-2.866785,-67.805982
1304260,Uarini,AM,-2.994178,-65.200466
1304302,Urucará,AM,-2.06374,-57.991289
1304401,Urucurituba,AM,-3.024414,-58.280571
1400027,Amajari,RR,3.769017,-61.473776
1400050,Alto Alegre,RR,2.974161,-61.296225
1400100,Boa Vista,RR,2.906197,-60.667485
1400159,Bonfim,RR,3.211485,-59.921114
1400175,Cantá,RR,2.556921,-60.525084
1400209,Caracaraí,RR,1.109283,-61.450182
1400233,Caroebe,RR,0.883957,-59.595654
1400282,Iracema,RR,2.299489,-61.028208
1400308,Mucajaí,RR,2.468448,-61.356086
1400407,Normandia,RR,3.95918,-59.628503
1400456,Pacaraima,RR,4.353611,-61.2041
1400472,Rorainópolis,RR,0.677149,-60.552987
1400506,São João da Baliza,RR,0.874506,-59.933438
1400605,São Luiz,RR,1.021483,-60.061756
1400704,Uiramutã,RR,4.441061,-60.481976
1500107,Abaetetuba,PA,-1.750044,-48.763271
1500131,Abel Figueiredo,PA,-4.950523,-48.390955
1500206,Acará,PA,-1.960772,-48.210551
1500305,Afuá,PA,-0.395482,-50.346472
1500347,Água Azul do Norte,PA,-6.748961,-50.452955
1500404,Alenquer,PA,-1.405679,-54.918863
1500503,Almeirim,PA,-1.546648,-53.020467
1500602,Altamira,PA,-4.215044,-54.425852
1500701,Anajás,PA,-0.99048,-49.944511
1500800,Ananindeua,PA,-1.362225,-48.361441
1500859,Anapu,PA,-3.565381,-51.100131
1500909,Augusto Corrêa,PA,-1.01587,-46.573045
1500958,Aurora do Pará,PA,-2.12571,-47.914688
1501006,Aveiro,PA,-3.612802,-55.007346
1501105,Bagre,PA,-1.595454,-50.143767
1501204,Baião,PA,-2.977265,-49.663968
1501253,Bannach,PA,-7.401077,-50.480074
1501303,Barcarena,PA,-1.552663,-48.704336
1501402,Belém,PA,-1.333738,-48.43076
1501451,Belterra,PA,-2.604626,-54.981662
1501501,Benevides,PA,-1.336929,-48.246075
1501576,Bom Jesus do Tocantins,PA,-5.159087,-48.820231
1501600,Bonito,PA,-1.365001,-47.324322
1501709,Bragança,PA,-1.116459,-46.778049
1501725,Brasil Novo,PA,-3.591531,-52.420271
1501758,Brejo Grande do Araguaia,PA,-5.870986,-48.443407
1501782,Breu Branco,PA,-3.777044,-49.594084
1501808,Breves,PA,-0.993166,-50.333246
1501907,Bujaru,PA,-1.577206,-48.044627
1501956,Cachoeira do Piriá,PA,-1.775214,-46.426881
1502004,Cachoeira do Arari,PA,-1.014364,-48.977677
1502103,Cametá,PA,-2.35519,-49.43492
1502152,Canaã dos Carajás,PA,-6.431322,-49.879133
1502202,Capanema,PA,-1.196583,-47.178289
1502301,Capitão Poço,PA,-1.732258,-47.112802
1502400,Castanhal,PA,-1.293753,-47.945741
1502509,Chaves,PA,-0.05653,-49.613327
1502608,Colares,PA,-0.952488,-48.294032
1502707,Conceição do Araguaia,PA,-8.256565,-49.218747
1502756,Concórdia do Pará,PA,-1.984092,-47.951164
1502764,Cumaru do Norte,PA,-8.064281,-50.863885
1502772,Curionópolis,PA,-6.107567,-49.504232
1502806,Curralinho,PA,-1.55665,-49.712829
1502855,Curuá,PA,-1.864604,-55.123525
1502905,Curuçá,PA,-0.759152,-47.858011
1502939,Dom Eliseu,PA,-4.146857,-47.707592
1502954,Eldorado do Carajás,PA,-6.056421,-49.412345
1503002,Faro,PA,-2.077685,-56.553287
1503044,Floresta do Araguaia,PA,-7.349148,-49.273777
1503077,Garrafão do Norte,PA,-1.948939,-47.063029
1503093,Goianésia do Pará,PA,-3.827328,-49.077231
1503101,Gurupá,PA,-1.374317,-51.652878
1503200,Igarapé-Açu,PA,-1.089329,-47.642129
1503309,Igarapé-Miri,PA,-1.963868,-48.913538
1503408,Inhangapi,PA,-1.427789,-47.905328
1503457,Ipixuna do Pará,PA,-2.632961,-47.930542
1503507,Irituia,PA,-1.659219,-47.547433
1503606,Itaituba,PA,-4.296893,-56.063926
1503705,Itupiranga,PA,-5.00308,-49.196523
1503754,Jacareacanga,PA,-5.821016,-57.26351
1503804,Jacundá,PA,-4.464414,-49.32178
1503903,Juruti,PA,-2.085379,-56.052686
1504000,Limoeiro do Ajuru,PA,-1.772677,-49.386005
1504059,Mãe do Rio,PA,-2.064843,-47.545944
1504109,Magalhães Barata,PA,-0.833123,-47.594605
1504208,Marabá,PA,-5.464101,-49.358824
1504307,Maracanã,PA,-0.782511,-47.455128
1504406,Marapanim,PA,-0.744499,-47.667571
1504422,Marituba,PA,-1.356669,-48.339817
1504455,Medicilândia,PA,-3.807903,-53.553027
1504505,Melgaço,PA,-1.552104,-50.860679
1504604,Mocajuba,PA,-2.642999,-49.496903
1504703,Moju,PA,-2.136855,-48.623235
1504752,Mojuí dos Campos,PA,-2.747377,-54.719669
1504802,Monte Alegre,PA,-1.871337,-54.113235
1504901,Muaná,PA,-1.576783,-49.126322
1504950,Nova Esperança do Piriá,PA,-2.063441,-46.903694
1504976,Nova Ipixuna,PA,-4.863283,-49.209326
1505007,Nova Timboteua,PA,-1.166265,-47.39759
1505031,Novo Progresso,PA,-7.121968,-55.104621
1505064,Novo Repartimento,PA,-4.382801,-50.221236
1505106,Óbidos,PA,-1.605005,-55.498848
1505205,Oeiras do Pará,PA,-2.06716,-49.755769
1505304,Oriximiná,PA,-1.289708,-56.138896
1505403,Ourém,PA,-1.536394,-47.115077
1505437,Ourilândia do Norte,PA,-7.531803,-51.201087
1505486,Pacajá,PA,-3.858793,-50.788076
1505494,Palestina do Pará,PA,-5.706642,-48.736039
1505502,Paragominas,PA,-3.173397,-47.611327
1505536,Parauapebas,PA,-6.055565,-50.476943
1505551,Pau D'Arco,PA,-7.742844,-50.066204
1505601,Peixe-Boi,PA,-1.221797,-47.322666
1505635,Piçarra,PA,-6.436756,-48.85336
1505650,Placas,PA,-3.83489,-54.302204
1505700,Ponta de Pedras,PA,-1.190429,-48.894576
1505809,Portel,PA,-2.003047,-50.730043
1505908,Porto de Moz,PA,-2.025911,-52.433531
1506005,Prainha,PA,-2.799979,-53.887611
1506104,Primavera,PA,-0.995668,-47.102831
1506112,Quatipuru,PA,-0.881208,-47.009744
1506138,Redenção,PA,-8.039322,-50.005665
1506161,Rio Maria,PA,-7.470362,-50.084492
1506187,Rondon do Pará,PA,-4.615503,-48.207387
1506195,Rurópolis,PA,-4.120155,-55.056035
1506203,Salinópolis,PA,-0.70414,-47.40293
1506302,Salvaterra,PA,-0.812842,-48.696413
1506351,Santa Bárbara do Pará,PA,-1.195802,-48.275061
1506401,Santa Cruz do Arari,PA,-0.631186,-49.251249
1506500,Santa Isabel do Pará,PA,-1.287135,-48.154473
1506559,Santa Luzia do Pará,PA,-1.726663,-46.906546
1506583,Santa Maria das Barreiras,PA,-8.424465,-50.561726
1506609,Santa Maria do Pará,PA,-1.373984,-47.585312
1506708,Santana do Araguaia,PA,-9.456041,-50.539329
1506807,Santarém,PA,-2.747776,-54.610034
1506906,Santarém Novo,PA,-0.905115,-47.377172
1507003,Santo Antônio do Tauá,PA,-1.110665,-48.075351
1507102,São Caetano de Odivelas,PA,-0.776712,-48.07555
1507151,São Domingos do Araguaia,PA,-5.535641,-48.750125
1507201,São Domingos do Capim,PA,-1.921198,-47.726411
1507300,São Félix do Xingu,PA,-6.99917,-52.092837
1507409,São Francisco do Pará,PA,-1.177911,-47.753196
1507458,São Geraldo do Araguaia,PA,-6.084086,-48.64158
1507466,São João da Ponta,PA,-0.841849,-47.899371
1507474,São João de Pirabas,PA,-0.696569,-47.170105
1507508,São João do Araguaia,PA,-5.432804,-48.642801
1507607,São Miguel do Guamá,PA,-1.65194,-47.459537
1507706,São Sebastião da Boa Vista,PA,-1.722222,-49.594463
1507755,Sapucaia,PA,-6.870449,-49.775675
1507805,Senador José Porfírio,PA,-3.615265,-52.569358
1507904,Soure,PA,-0.492133,-48.643779
1507953,Tailândia,PA,-2.79823,-48.945464
1507961,Terra Alta,PA,-1.016734,-47.864212
1507979,Terra Santa,PA,-2.093205,-56.206039
1508001,Tomé-Açu,PA,-2.335355,-48.091328
1508035,Tracuateua,PA,-1.063266,-46.908355
1508050,Trairão,PA,-4.711477,-55.951323
1508084,Tucumã,PA,-6.768621,-51.147521
1508100,Tucuruí,PA,-3.788805,-49.739825
1508126,Ulianópolis,PA,-3.844779,-47.483363
1508159,Uruará,PA,-3.858425,-53.758879
1508209,Vigia,PA,-0.982689,-48.023067
1508308,Viseu,PA,-1.435559,-46.22876
1508357,Vitória do Xingu,PA,-3.721605,-51.809968
1508407,Xinguara,PA,-7.100308,-49.949493
1600055,Serra do Navio,AP,1.604639,-52.210355
1600105,Amapá,AP,1.845118,-50.986086
1600154,Pedra Branca do Amapari,AP,1.434897,-52.33636
1600204,Calçoene,AP,2.305927,-51.211448
1600212,Cutias,AP,0.874839,-50.988464
1600238,Ferreira Gomes,AP,1.048692,-51.349285
1600253,Itaubal,AP,0.62072,-50.913909
1600279,Laranjal do Jari,AP,-0.369705,-53.059056
1600303,Macapá,AP,0.248358,-50.992923
1600402,Mazagão,AP,-0.481052,-51.970501
1600501,Oiapoque,AP,3.028287,-51.599804
1600535,Porto Grande,AP,0.676277,-51.481354
1600550,Pracuúba,AP,1.731371,-50.950857
1600600,Santana,AP,-0.106765,-51.226639
1600709,Tartarugalzinho,AP,1.388977,-51.043426
1600808,Vitória do Jari,AP,-0.986721,-52.006098
1700251,Abreulândia,TO,-9.62234,-49.106496
1700301,Aguiarnópolis,TO,-6.55356,-47.525219
1700350,Aliança do Tocantins,TO,-11.30306,-48.90862
1700400,Almas,TO,-11.570317,-47.183536
1700707,Alvorada,TO,-12.522182,-49.126031
1701002,Ananás,TO,-6.244719,-48.107087
1701051,Angico,TO,-6.467953,-47.87722
1701101,Aparecida do Rio Negro,TO,-9.91348,-47.980511
1701309,Aragominas,TO,-7.233474,-48.378345
1701903,Araguacema,TO,-8.711468,-49.797537
1702000,Araguaçu,TO,-12.906297,-49.710146
1702109,Araguaína,TO,-7.20138,-48.248219
1702158,Araguanã,TO,-6.637869,-48.497136
1702208,Araguatins,TO,-5.548039,-48.112541
1702307,Arapoema,TO,-7.767463,-49.070018
1702406,Arraias,TO,-12.856224,-46.989058
1702554,Augustinópolis,TO,-5.461813,-47.887582
1702703,Aurora do Tocantins,TO,-12.634938,-46.471531
1702901,Axixá do Tocantins,TO,-5.604638,-47.770619
1703008,Babaçulândia,TO,-7.155683,-47.899162
1703057,Bandeirantes do Tocantins,TO,-7.693595,-48.663957
1703073,Barra do Ouro,TO,-7.674554,-47.762766
1703107,Barrolândia,TO,-9.850965,-48.730713
1703206,Bernardo Sayão,TO,-7.913864,-48.961584
1703305,Bom Jesus do Tocantins,TO,-8.944911,-48.119957
1703602,Brasilândia do Tocantins,TO,-8.397641,-48.503326
1703701,Brejinho de Nazaré,TO,-11.034645,-48.592362
1703800,Buriti do Tocantins,TO,-5.333204,-48.235537
1703826,Cachoeirinha,TO,-6.129297,-47.929189
1703842,Campos Lindos,TO,-7.92815,-46.959115
1703867,Cariri do Tocantins,TO,-11.963789,-49.137363
1703883,Carmolândia,TO,-7.015498,-48.41387
1703891,Carrasco Bonito,TO,-5.315266,-48.047834
1703909,Caseara,TO,-9.0593,-49.911178
1704105,Centenário,TO,-8.96876,-47.419547
1704600,Chapada de Areia,TO,-10.194473,-49.016326
1705102,Chapada da Natividade,TO,-11.728083,-47.927499
1705508,Colinas do Tocantins,TO,-8.074594,-48.472241
1705557,Combinado,TO,-12.806972,-46.581055
1705607,Conceição do Tocantins,TO,-12.188215,-47.250047
1706001,Couto Magalhães,TO,-8.235258,-49.248294
1706100,Cristalândia,TO,-10.628592,-49.400689
1706258,Crixás do Tocantins,TO,-11.116376,-48.914525
1706506,Darcinópolis,TO,-6.847587,-47.750724
1707009,Dianópolis,TO,-11.655601,-46.830464
1707108,Divinópolis do Tocantins,TO,-9.716648,-49.192613
1707207,Dois Irmãos do Tocantins,TO,-9.256408,-49.114459
1707306,Dueré,TO,-11.248265,-49.128543
1707405,Esperantina,TO,-5.368798,-48.590338
1707553,Fátima,TO,-10.757536,-48.912233
1707652,Figueirópolis,TO,-12.045501,-49.189519
1707702,Filadélfia,TO,-7.55686,-47.758914
1708205,Formoso do Araguaia,TO,-11.797836,-49.789852
1708254,Fortaleza do Tabocão,TO,-9.065064,-48.707766
1708304,Goianorte,TO,-8.744771,-48.93745
1709005,Goiatins,TO,-7.851976,-47.148215
1709302,Guaraí,TO,-8.839811,-48.501601
1709500,Gurupi,TO,-11.72651,-49.000974
1709807,Ipueiras,TO,-11.164077,-48.40705
1710508,Itacajá,TO,-8.458378,-47.740044
1710706,Itaguatins,TO,-5.751371,-47.643029
1710904,Itapiratins,TO,-8.365849,-48.112644
1711100,Itaporã do Tocantins,TO,-8.569752,-48.645222
1711506,Jaú do Tocantins,TO,-12.668629,-48.590628
1711803,Juarina,TO,-8.09013,-49.078464
1711902,Lagoa da Confusão,TO,-10.826016,-50.214521
1711951,Lagoa do Tocantins,TO,-10.360813,-47.575877
1712009,Lajeado,TO,-9.695454,-48.260599
1712157,Lavandeira,TO,-12.909669,-46.516878
1712405,Lizarda,TO,-9.594639,-46.673246
1712454,Luzinópolis,TO,-6.160958,-47.889706
1712504,Marianópolis do Tocantins,TO,-9.867952,-49.707022
1712702,Mateiros,TO,-10.547713,-46.350203
1712801,Maurilândia do Tocantins,TO,-5.976222,-47.985528
1713205,Miracema do Tocantins,TO,-9.534595,-48.423263
1713304,Miranorte,TO,-9.598014,-48.893536
1713601,Monte do Carmo,TO,-10.872631,-48.015738
1713700,Monte Santo do Tocantins,TO,-10.006164,-48.991238
1713809,Palmeiras do Tocantins,TO,-6.602422,-47.681312
1713957,Muricilândia,TO,-7.099419,-48.619575
1714203,Natividade,TO,-11.689042,-47.663845
1714302,Nazaré,TO,-6.367418,-47.674803
1714880,Nova Olinda,TO,-7.606186,-48.426103
1715002,Nova Rosalândia,TO,-10.56864,-48.912746
1715101,Novo Acordo,TO,-10.076151,-47.591722
1715150,Novo Alegre,TO,-12.891791,-46.877061
1715259,Novo Jardim,TO,-11.828385,-46.715187
1715507,Oliveira de Fátima,TO,-10.703787,-48.899563
1715705,Palmeirante,TO,-7.923252,-47.948779
1715754,Palmeirópolis,TO,-13.001851,-48.442719
1716109,Paraíso do Tocantins,TO,-10.174167,-48.87503
1716208,Paranã,TO,-12.757799,-47.756765
1716307,Pau D'Arco,TO,-7.656476,-49.325079
1716505,Pedro Afonso,TO,-8.942143,-47.937285
1716604,Peixe,TO,-12.041049,-48.564367
1716653,Pequizeiro,TO,-8.67945,-48.876417
1716703,Colméia,TO,-8.641728,-48.875215
1717008,Pindorama do Tocantins,TO,-11.115768,-47.697282
1717206,Piraquê,TO,-6.642599,-48.453351
1717503,Pium,TO,-10.154281,-49.99105
1717800,Ponte Alta do Bom Jesus,TO,-12.086963,-46.693357
1717909,Ponte Alta do Tocantins,TO,-10.6884,-47.30509
1718006,Porto Alegre do Tocantins,TO,-11.712037,-47.148886
1718204,Porto Nacional,TO,-10.744844,-48.441812
1718303,Praia Norte,TO,-5.376099,-47.837519
1718402,Presidente Kennedy,TO,-8.53582,-48.504412
1718451,Pugmil,TO,-10.422818,-48.925254
1718501,Recursolândia,TO,-8.710602,-47.230614
1718550,Riachinho,TO,-6.466931,-48.041422
1718659,Rio da Conceição,TO,-11.388667,-46.775846
1718709,Rio dos Bois,TO,-9.295896,-48.518558
1718758,Rio Sono,TO,-9.668223,-47.474878
1718808,Sampaio,TO,-5.341575,-47.879966
1718840,Sandolândia,TO,-12.627976,-49.849169
1718865,Santa Fé do Araguaia,TO,-7.035299,-48.878116
1718881,Santa Maria do Tocantins,TO,-8.734206,-47.759509
1718899,Santa Rita do Tocantins,TO,-10.888937,-48.927525
1718907,Santa Rosa do Tocantins,TO,-11.518131,-48.020837
1719004,Santa Tereza do Tocantins,TO,-10.259299,-47.85563
1720002,Santa Terezinha do Tocantins,TO,-6.436312,-47.689401
1720101,São Bento do Tocantins,TO,-6.055596,-48.145611
1720150,São Félix do Tocantins,TO,-10.175346,-46.668318
1720200,São Miguel do Tocantins,TO,-5.591747,-47.837854
1720259,São Salvador do Tocantins,TO,-12.747417,-48.216281
1720309,São Sebastião do Tocantins,TO,-5.270945,-48.194374
1720499,São Valério,TO,-11.948674,-48.294488
1720655,Silvanópolis,TO,-11.087975,-48.180107
1720804,Sítio Novo do Tocantins,TO,-5.51363,-47.658024
1720853,Sucupira,TO,-11.972119,-48.967832
1720903,Taguatinga,TO,-12.436313,-46.499217
1720937,Taipas do Tocantins,TO,-12.154451,-46.996706
1720978,Talismã,TO,-12.807493,-49.068558
1721000,Palmas,TO,-10.151144,-48.24138
2100055,Açailândia,MA,-4.877891,-47.594813
2100105,Afonso Cunha,MA,-4.12797,-43.321805
2100154,Água Doce do Maranhão,MA,-2.833042,-42.057391
2100204,Alcântara,MA,-2.403957,-44.422983
2100303,Aldeias Altas,MA,-4.600576,-43.528707
2100402,Altamira do Maranhão,MA,-4.222254,-45.477809
2100436,Alto Alegre do Maranhão,MA,-4.243442,-44.372566
2100477,Alto Alegre do Pindaré,MA,-3.705959,-45.588315
2100501,Alto Parnaíba,MA,-9.148345,-45.956046
2100550,Amapá do Maranhão,MA,-1.675158,-46.091127
2100600,Amarante do Maranhão,MA,-5.584911,-46.560776
2100709,Anajatuba,MA,-3.294437,-44.622866
2100808,Anapurus,MA,-3.617571,-43.101155
2100832,Apicum-Açu,MA,-1.497218,-45.107216
2100873,Araguanã,MA,-2.948776,-45.612363
2100907,Araioses,MA,-2.929606,-41.940564
2100956,Arame,MA,-5.025552,-45.917178
2101004,Arari,MA,-3.415289,-44.821842
2101103,Axixá,MA,-2.839956,-44.042405
2101202,Bacabal,MA,-4.204102,-44.778855
2101251,Bacabeira,MA,-2.992443,-44.321938
2101301,Bacuri,MA,-1.701336,-45.135233
2101350,Bacurituba,MA,-2.709682,-44.721352
2101400,Balsas,MA,-8.775617,-46.035103
2101509,Barão de Grajaú,MA,-6.8158,-43.093112
2101608,Barra do Corda,MA,-5.510452,-45.237288
2101707,Barreirinhas,MA,-2.872279,-42.90496
2101731,Belágua,MA,-3.158166,-43.424535
2101772,Bela Vista do Maranhão,MA,-3.819498,-45.155573
2101806,Benedito Leite,MA,-7.187395,-44.664337
2101905,Bequimão,MA,-2.41715,-44.788391
2101939,Bernardo do Mearim,MA,-4.615416,-44.775134
2101970,Boa Vista do Gurupi,MA,-1.827868,-46.187753
2102002,Bom Jardim,MA,-3.718749,-45.679425
2102036,Bom Jesus das Selvas,MA,-4.50869,-46.664938
2102077,Bom Lugar,MA,-4.421606,-45.028212
2102101,Brejo,MA,-3.738081,-42.919007
2102150,Brejo de Areia,MA,-4.362078,-45.579378
2102200,Buriti,MA,-3.955721,-42.945168
2102309,Buriti Bravo,MA,-5.897486,-43.72776
2102325,Buriticupu,MA,-4.28481,-46.082909
2102358,Buritirana,MA,-5.602691,-47.103155
2102374,Cachoeira Grande,MA,-2.893967,-44.050111
2102408,Cajapió,MA,-2.911089,-44.691116
2102507,Cajari,MA,-3.333357,-45.053104
2102556,Campestre do Maranhão,MA,-6.230373,-47.227848
2102606,Cândido Mendes,MA,-1.613297,-45.733181
2102705,Cantanhede,MA,-3.695937,-44.354489
2102754,Capinzal do Norte,MA,-4.713344,-44.335672
2102804,Carolina,MA,-7.381268,-47.373681
2102903,Carutapera,MA,-1.282634,-46.043146
2103000,Caxias,MA,-5.060082,-43.31902
2103109,Cedral,MA,-1.95511,-44.976768
2103125,Central do Maranhão,MA,-2.201495,-44.974722
2103158,Centro do Guilherme,MA,-2.442603,-46.041544
2103174,Centro Novo do Maranhão,MA,-3.127532,-46.296075
2103208,Chapadinha,MA,-3.739301,-43.305542
2103257,Cidelândia,MA,-5.230265,-47.786617
2103307,Codó,MA,-4.538339,-43.958551
2103406,Coelho Neto,MA,-4.239155,-43.030636
2103505,Colinas,MA,-6.188399,-44.212884
2103554,Conceição do Lago-Açu,MA,-3.821699,-44.895217
2103604,Coroatá,MA,-4.186825,-44.162867
2103703,Cururupu,MA,-1.864418,-44.839614
2103752,Davinópolis,MA,-5.534075,-47.394279
2103802,Dom Pedro,MA,-5.041465,-44.435199
2103901,Duque Bacelar,MA,-4.128033,-42.960436
2104008,Esperantinópolis,MA,-4.927211,-44.70148
2104057,Estreito,MA,-6.68883,-47.429489
2104073,Feira Nova do Maranhão,MA,-6.984281,-46.691753
2104081,Fernando Falcão,MA,-6.433227,-45.54227
2104099,Formosa da Serra Negra,MA,-6.46755,-46.221944
2104107,Fortaleza dos Nogueiras,MA,-6.785839,-46.124521
2104206,Fortuna,MA,-5.838032,-44.199581
2104305,Godofredo Viana,MA,-1.520791,-45.740409
2104404,Gonçalves Dias,MA,-5.108683,-44.30113
2104503,Governador Archer,MA,-5.011347,-44.234078
2104552,Governador Edison Lobão,MA,-5.739654,-47.179952
2104602,Governador Eugênio Barros,MA,-5.279331,-44.527538
2104628,Governador Luiz Rocha,MA,-5.492947,-44.337587
2104651,Governador Newton Bello,MA,-3.434899,-45.646086
2104677,Governador Nunes Freire,MA,-2.039981,-45.861146
2104701,Graça Aranha,MA,-5.406123,-44.348585
2104800,Grajaú,MA,-5.93187,-46.128514
2104909,Guimarães,MA,-2.12498,-44.602751
2105005,Humberto de Campos,MA,-2.741725,-43.519317
2105104,Icatu,MA,-2.932844,-43.798853
2105153,Igarapé do Meio,MA,-3.651898,-45.187364
2105203,Igarapé Grande,MA,-4.549539,-44.852682
2105302,Imperatriz,MA,-5.444994,-47.463219
2105351,Itaipava do Grajaú,MA,-5.243922,-45.802953
2105401,Itapecuru Mirim,MA,-3.483394,-44.395423
2105427,Itinga do Maranhão,MA,-4.461158,-47.521873
2105450,Jatobá,MA,-5.794776,-44.205924
2105476,Joselândia,MA,-4.885482,-44.549634
2105500,João Lisboa,MA,-5.536351,-47.363898
2105609,Joselândia,MA,-4.885482,-44.549634
2105658,Junco do Maranhão,MA,-1.858355,-46.090259
2105708,Lago da Pedra,MA,-4.555256,-45.118303
2105807,Lago do Junco,MA,-4.629741,-45.049524
2105906,Lago Verde,MA,-3.946597,-44.818114
2105922,Lagoa do Mato,MA,-6.00937,-43.93247
2105948,Lago dos Rodrigues,MA,-4.606053,-44.975314
2105963,Lagoa Grande do Maranhão,MA,-4.994571,-45.15869
2105989,Lajeado Novo,MA,-6.236087,-47.04371
2106003,Lima Campos,MA,-4.5189,-44.467498
2106102,Loreto,MA,-7.135812,-45.221446
2106201,Luís Domingues,MA,-1.324163,-45.902685
2106300,Magalhães de Almeida,MA,-3.353703,-42.208923
2106326,Maracaçumé,MA,-2.110912,-45.957688
2106359,Marajá do Sena,MA,-4.621335,-45.612613
2106375,Maranhãozinho,MA,-2.273414,-45.93702
2106409,Mata Roma,MA,-3.643972,-43.170984
2106508,Matinha,MA,-3.173952,-45.017089
2106607,Matões,MA,-5.536268,-43.193247
2106631,Matões do Norte,MA,-3.624289,-44.549725
2106672,Milagres do Maranhão,MA,-3.579425,-42.682561
2106706,Mirador,MA,-6.373837,-44.277778
2106755,Miranda do Norte,MA,-3.594909,-44.573796
2106805,Mirinzal,MA,-2.066589,-44.820205
2106904,Monção,MA,-3.252017,-45.254926
2107001,Montes Altos,MA,-5.830423,-47.126436
2107100,Morros,MA,-2.907777,-44.092862
2107209,Nina Rodrigues,MA,-3.458714,-43.917822
2107258,Nova Colinas,MA,-7.124073,-46.292473
2107308,Nova Iorque,MA,-6.758141,-44.054087
2107357,Nova Olinda do Maranhão,MA,-2.934309,-45.705211
2107407,Olho d'Água das Cunhãs,MA,-4.13551,-45.135328
2107456,Olinda Nova do Maranhão,MA,-2.987884,-45.000416
2107506,Paço do Lumiar,MA,-2.539113,-44.148965
2107605,Palmeirândia,MA,-2.655912,-45.003091
2107704,Paraibano,MA,-6.426918,-43.976751
2107803,Parnarama,MA,-5.650651,-43.109328
2107902,Passagem Franca,MA,-6.202977,-43.754052
2108009,Pastos Bons,MA,-6.541171,-44.108727
2108058,Paulino Neves,MA,-2.770958,-42.526675
2108108,Paulo Ramos,MA,-4.440539,-45.228195
2108207,Pedreiras,MA,-4.569728,-44.605694
2108256,Pedro do Rosário,MA,-2.9525,-45.250483
2108306,Penalva,MA,-3.293789,-45.231551
2108405,Peri Mirim,MA,-2.585279,-44.852994
2108454,Peritoró,MA,-4.412215,-44.404687
2108504,Pindaré-Mirim,MA,-3.69056,-45.3414
2108603,Pinheiro,MA,-2.538923,-45.070275
2108702,Pio XII,MA,-3.886359,-45.162566
2108801,Pirapemas,MA,-3.726067,-44.220982
2108900,Poção de Pedras,MA,-4.702097,-44.890018
2109007,Porto Franco,MA,-6.471794,-47.338426
2109056,Porto Rico do Maranhão,MA,-1.896236,-44.536849
2109106,Presidente Dutra,MA,-5.297661,-44.496406
2109205,Presidente Juscelino,MA,-2.892526,-44.062823
2109239,Presidente Médici,MA,-2.392331,-45.809842
2109270,Presidente Sarney,MA,-2.650973,-45.163942
2109304,Presidente Vargas,MA,-3.41445,-44.056873
2109403,Primeira Cruz,MA,-2.759786,-43.441019
2109452,Raposa,MA,-2.421652,-44.106594
2109502,Riachão,MA,-7.437544,-46.596737
2109551,Ribamar Fiquene,MA,-5.819153,-47.483364
2109601,Rosário,MA,-2.937824,-44.259264
2109700,Sambaíba,MA,-7.18449,-45.41668
2109759,Santa Filomena do Maranhão,MA,-5.499435,-44.49541
2109809,Santa Helena,MA,-2.343654,-45.261837
2109908,Santa Inês,MA,-3.655089,-45.337456
2110005,Santa Luzia,MA,-4.079152,-46.347863
2110039,Santa Luzia do Paruá,MA,-2.563446,-46.071921
2110104,Santa Quitéria do Maranhão,MA,-3.450704,-42.693008
2110203,Santa Rita,MA,-3.15492,-44.267423
2110237,Santana do Maranhão,MA,-3.164268,-42.685154
2110278,Santo Amaro do Maranhão,MA,-2.596376,-43.058772
2110302,Santo Antônio dos Lopes,MA,-4.929896,-44.482234
2110401,São Benedito do Rio Preto,MA,-3.261582,-43.54409
2110500,São Bento,MA,-2.706787,-44.848954
2110609,São Bernardo,MA,-3.392486,-42.414704
2110658,São Domingos do Azeitão,MA,-6.867378,-44.557838
2110708,São Domingos do Maranhão,MA,-5.624962,-44.380529
2110807,São Félix de Balsas,MA,-7.15144,-44.812664
2110856,São Francisco do Brejão,MA,-5.109492,-47.455239
2110906,São Francisco do Maranhão,MA,-6.283491,-43.239085
2111003,São João Batista,MA,-3.027665,-44.816681
2111029,São João do Carú,MA,-3.509647,-45.758175
2111052,São João do Paraíso,MA,-6.550188,-46.966937
2111078,São João do Soter,MA,-5.111207,-43.781264
2111102,São João dos Patos,MA,-6.510936,-43.700991
2111201,São José de Ribamar,MA,-2.599671,-44.026316
2111250,São José dos Basílios,MA,-5.077864,-44.622238
2111300,São Luís,MA,-2.598496,-44.238806
2111409,São Luís Gonzaga do Maranhão,MA,-4.381524,-44.670935
2111508,São Mateus do Maranhão,MA,-4.053872,-44.521857
2111532,São Pedro da Água Branca,MA,-5.128123,-47.884422
2111573,São Pedro dos Crentes,MA,-6.888556,-46.776863
2111607,São Raimundo das Mangabeiras,MA,-7.023467,-45.428571
2111631,São Raimundo do Doca Bezerra,MA,-5.067583,-45.010556
2111672,São Roberto,MA,-5.025352,-44.977696
2111706,São Vicente Ferrer,MA,-2.917007,-44.977194
2111722,Satubinha,MA,-4.065246,-45.207317
2111748,Senador Alexandre Costa,MA,-5.316585,-44.112744
2111763,Senador La Rocque,MA,-5.475279,-47.233506
2111789,Serrano do Maranhão,MA,-1.849266,-45.194785
2111805,Sítio Novo,MA,-5.80744,-46.578352
2111904,Sucupira do Norte,MA,-6.518532,-44.024437
2111953,Sucupira do Riachão,MA,-6.423393,-43.576033
2112001,Tasso Fragoso,MA,-8.530305,-45.94904
2112100,Timbiras,MA,-4.24564,-43.929578
2112209,Timon,MA,-5.098086,-42.843714
2112233,Trizidela do Vale,MA,-4.546673,-44.663741
2112274,Tufilândia,MA,-3.668659,-45.529148
2112308,Tuntum,MA,-5.773774,-44.966303
2112407,Turiaçu,MA,-1.64865,-45.352602
2112456,Turilândia,MA,-2.12201,-45.348872
2112506,Tutóia,MA,-2.736591,-42.295247
2112605,Urbano Santos,MA,-3.179866,-43.43296
2112704,Vargem Grande,MA,-3.563387,-43.897467
2112803,Viana,MA,-3.222038,-45.010305
2112852,Vila Nova dos Martírios,MA,-5.21456,-48.034437
2112902,Vitória do Mearim,MA,-3.435492,-44.840363
2113009,Vitorino Freire,MA,-4.253593,-45.235513
2114007,Zé Doca,MA,-3.325507,-45.97964
2200053,Acauã,PI,-8.170446,-41.106658
2200103,Agricolândia,PI,-5.796254,-42.670966
2200202,Água Branca,PI,-5.87074,-42.63419
2200251,Alagoinha do Piauí,PI,-7.018747,-40.982061
2200277,Alegrete do Piauí,PI,-7.244646,-40.857996
2200301,Alto Longá,PI,-5.194274,-42.206418
2200400,Altos,PI,-5.08377,-42.452767
2200459,Alvorada do Gurguéia,PI,-8.469224,-43.83573
2200509,Amarante,PI,-6.235762,-42.858318
2200608,Angical do Piauí,PI,-6.127201,-42.736547
2200707,Anísio de Abreu,PI,-9.232034,-43.041286
2200806,Antônio Almeida,PI,-7.222179,-44.204099
2200905,Aroazes,PI,-6.151982,-41.845325
2200954,Aroeiras do Itaim,PI,-7.295486,-41.563282
2201002,Arraial,PI,-6.622568,-42.498485
2201051,Assunção do Piauí,PI,-5.87915,-41.079266
2201101,Avelino Lopes,PI,-10.086693,-43.94975
2201150,Baixa Grande do Ribeiro,PI,-7.868932,-45.039892
2201176,Barra D'Alcântara,PI,-6.456237,-42.100416
2201200,Barras,PI,-4.272055,-42.378282
2201309,Barreiras do Piauí,PI,-9.906851,-45.503599
2201408,Barro Duro,PI,-5.818663,-42.516476
2201507,Batalha,PI,-4.114829,-42.13046
2201556,Bela Vista do Piauí,PI,-7.992213,-41.814146
2201572,Belém do Piauí,PI,-7.379105,-40.993116
2201606,Beneditinos,PI,-5.457241,-42.359178
2201705,Bertolínia,PI,-7.660109,-43.936692
2201739,Betânia do Piauí,PI,-8.162131,-40.809008
2201770,Boa Hora,PI,-4.420548,-42.134245
2201804,Bocaina,PI,-6.923004,-41.355847
2201903,Bom Jesus,PI,-9.106443,-44.430859
2201919,Bom Princípio do Piauí,PI,-3.21499,-41.701653
2201929,Bonfim do Piauí,PI,-9.23662,-42.846155
2201945,Boqueirão do Piauí,PI,-4.500227,-42.116047
2201960,Brasileira,PI,-4.073589,-41.819018
2201988,Brejo do Piauí,PI,-8.338963,-42.908014
2202000,Buriti dos Lopes,PI,-3.183888,-41.852529
2202026,Buriti dos Montes,PI,-5.268174,-41.138436
2202059,Cabeceiras do Piauí,PI,-4.468666,-42.355422
2202075,Cajazeiras do Piauí,PI,-6.822126,-42.409295
2202083,Cajueiro da Praia,PI,-2.889656,-41.341868
2202091,Caldeirão Grande do Piauí,PI,-7.353125,-40.679935
2202109,Campinas do Piauí,PI,-7.675509,-41.907447
2202117,Campo Alegre do Fidalgo,PI,-8.369924,-41.858136
2202133,Campo Grande do Piauí,PI,-7.220389,-41.030408
2202174,Campo Largo do Piauí,PI,-3.916506,-42.62903
2202208,Campo Maior,PI,-4.840371,-42.113591
2202251,Canavieira,PI,-7.689793,-43.736375
2202307,Canto do Buriti,PI,-8.164903,-42.916632
2202406,Capitão de Campos,PI,-4.448526,-41.9568
2202455,Capitão Gervásio Oliveira,PI,-8.42617,-41.921524
2202505,Caracol,PI,-9.273153,-43.455138
2202539,Caraúbas do Piauí,PI,-3.508081,-41.803092
2202554,Caridade do Piauí,PI,-7.748061,-40.968717
2202604,Castelo do Piauí,PI,-5.211071,-41.647578
2202653,Caxingó,PI,-3.393448,-41.940578
2202703,Cocal,PI,-3.452373,-41.57633
2202711,Cocal de Telha,PI,-4.627705,-41.851725
2202729,Cocal dos Alves,PI,-3.608341,-41.438076
2202737,Coivaras,PI,-5.027438,-42.109616
2202752,Colônia do Gurguéia,PI,-8.158545,-43.765554
2202778,Colônia do Piauí,PI,-7.206223,-42.157683
2202802,Conceição do Canindé,PI,-7.949673,-41.515984
2202851,Coronel José Dias,PI,-8.81369,-42.51019
2202901,Corrente,PI,-10.447148,-45.132415
2203008,Cristalândia do Piauí,PI,-10.783467,-45.1345
2203107,Cristino Castro,PI,-8.858723,-44.219015
2203206,Curimatá,PI,-10.105878,-44.249434
2203230,Currais,PI,-9.115661,-44.71789
2203255,Curralinhos,PI,-5.635225,-42.743896
2203271,Curral Novo do Piauí,PI,-7.905844,-40.816878
2203305,Demerval Lobão,PI,-5.345105,-42.663135
2203354,Dirceu Arcoverde,PI,-9.440715,-42.565937
2203404,Dom Expedito Lopes,PI,-6.974213,-41.683388
2203420,Domingos Mourão,PI,-4.322724,-41.348266
2203453,Dom Inocêncio,PI,-9.252973,-41.986886
2203503,Esperantina,PI,-3.829335,-42.224205
2203602,Eliseu Martins,PI,-8.029821,-43.743007
2203701,Esperantina,PI,-3.829335,-42.224205
2203750,Fartura do Piauí,PI,-9.460751,-42.795666
2203800,Flores do Piauí,PI,-7.775649,-42.930938
2203859,Floresta do Piauí,PI,-7.469108,-41.811647
2203909,Floriano,PI,-6.823989,-43.003776
2204006,Francinópolis,PI,-6.393695,-42.25453
2204105,Francisco Ayres,PI,-6.611836,-42.691608
2204154,Francisco Macedo,PI,-7.335358,-40.783775
2204204,Francisco Santos,PI,-6.995956,-41.135193
2204303,Fronteiras,PI,-7.069707,-40.69106
2204352,Geminiano,PI,-7.149938,-41.320646
2204402,Gilbués,PI,-9.787429,-45.238146
2204501,Guadalupe,PI,-6.76213,-43.720198
2204550,Guaribas,PI,-9.392908,-43.625778
2204600,Hugo Napoleão,PI,-5.980882,-42.54809
2204659,Ilha Grande,PI,-2.875354,-41.835386
2204709,Inhuma,PI,-6.645586,-41.729809
2204808,Ipiranga do Piauí,PI,-6.795193,-41.733453
2204907,Isaías Coelho,PI,-7.777868,-41.688607
2205003,Itainópolis,PI,-7.46922,-41.478646
2205102,Itaueira,PI,-7.761228,-43.113798
2205151,Jacobina do Piauí,PI,-7.961843,-41.219488
2205201,Jaicós,PI,-7.36614,-41.130204
2205250,Jardim do Mulato,PI,-6.162572,-42.584632
2205276,Jatobá do Piauí,PI,-4.760317,-41.852992
2205300,Jerumenha,PI,-7.195054,-43.514343
2205359,João Costa,PI,-8.436205,-42.440384
2205409,Joaquim Pires,PI,-3.420647,-42.07078
2205458,Joca Marques,PI,-3.53555,-42.445508
2205508,José de Freitas,PI,-4.765669,-42.590571
2205516,Juazeiro do Piauí,PI,-5.207075,-41.647038
2205524,Júlio Borges,PI,-10.310526,-44.32642
2205532,Jurema,PI,-9.240776,-43.101189
2205540,Lagoinha do Piauí,PI,-5.837303,-42.624039
2205557,Lagoa Alegre,PI,-4.526012,-42.494736
2205565,Lagoa do Barro do Piauí,PI,-8.49333,-41.554119
2205573,Lagoa de São Francisco,PI,-4.421668,-41.606066
2205581,Lagoa do Piauí,PI,-5.400107,-42.82022
2205599,Lagoa do Sítio,PI,-6.618507,-41.652044
2205607,Landri Sales,PI,-7.347855,-43.931821
2205706,Luís Correia,PI,-3.072399,-41.736806
2205805,Luzilândia,PI,-3.480916,-42.486792
2205854,Madeiro,PI,-3.547489,-42.369577
2205904,Manoel Emídio,PI,-8.155211,-43.821275
2205953,Marcolândia,PI,-7.493205,-40.685976
2206001,Marcos Parente,PI,-7.080577,-43.792816
2206050,Massapê do Piauí,PI,-7.472407,-41.181598
2206100,Matias Olímpio,PI,-3.615008,-42.548601
2206209,Miguel Alves,PI,-4.167712,-42.846155
2206308,Miguel Leão,PI,-5.671027,-42.749765
2206357,Milton Brandão,PI,-4.669656,-41.467237
2206407,Monsenhor Gil,PI,-5.573099,-42.620781
2206506,Monsenhor Hipólito,PI,-7.09438,-41.078641
2206605,Monte Alegre do Piauí,PI,-9.5164,-45.142171
2206654,Morro Cabeça no Tempo,PI,-9.761408,-43.922265
2206670,Morro do Chapéu do Piauí,PI,-3.741538,-42.297022
2206696,Murici dos Portelas,PI,-3.333318,-42.093683
2206704,Nazaré do Piauí,PI,-6.967553,-42.656743
2206720,Nazária,PI,-5.407643,-42.813503
2206753,Nossa Senhora de Nazaré,PI,-4.669068,-42.181301
2206803,Nossa Senhora dos Remédios,PI,-3.967045,-42.625045
2206902,Novo Oriente do Piauí,PI,-6.439141,-41.929719
2206951,Novo Santo Antônio,PI,-5.344645,-41.966213
2207009,Oeiras,PI,-7.018584,-42.147406
2207108,Olho D'Água do Piauí,PI,-5.877882,-42.608959
2207207,Padre Marcos,PI,-7.352862,-40.915855
2207306,Paes Landim,PI,-7.771623,-42.260766
2207355,Pajeú do Piauí,PI,-7.850734,-42.675253
2207405,Palmeira do Piauí,PI,-8.759615,-44.216775
2207504,Palmeirais,PI,-5.945654,-43.069729
2207553,Paquetá,PI,-7.096856,-41.632167
2207603,Parnaguá,PI,-10.118976,-44.789003
2207702,Parnaíba,PI,-2.912226,-41.775401
2207751,Passagem Franca do Piauí,PI,-5.836288,-42.508054
2207777,Patos do Piauí,PI,-7.667195,-41.254493
2207793,Pau D'Arco do Piauí,PI,-5.262312,-42.383721
2207801,Paulistana,PI,-8.139108,-40.785005
2207850,Pavussu,PI,-7.962541,-43.26926
2207900,Pedro II,PI,-4.361588,-41.487602
2207934,Pedro Laurentino,PI,-8.06313,-42.198758
2207959,Nova Santa Rita,PI,-8.125755,-42.022644
2208007,Picos,PI,-7.108776,-41.46455
2208106,Pimenteiras,PI,-6.239342,-41.439061
2208205,Pio IX,PI,-6.725712,-40.680587
2208304,Piracuruca,PI,-3.974661,-41.743227
2208403,Piripiri,PI,-4.250675,-41.77259
2208502,Porto,PI,-3.919203,-42.649814
2208551,Porto Alegre do Piauí,PI,-6.981974,-44.184892
2208601,Prata do Piauí,PI,-5.687441,-42.226285
2208650,Queimada Nova,PI,-8.680271,-41.256437
2208700,Redenção do Gurguéia,PI,-9.438928,-44.380405
2208809,Regeneração,PI,-6.123149,-42.690292
2208858,Riacho Frio,PI,-10.095347,-44.904155
2208874,Ribeira do Piauí,PI,-7.687999,-42.759109
2208908,Ribeiro Gonçalves,PI,-7.391523,-45.238839
2209005,Rio Grande do Piauí,PI,-7.788955,-43.180007
2209104,Santa Cruz do Piauí,PI,-7.27073,-41.772333
2209153,Santa Cruz dos Milagres,PI,-5.810966,-41.944671
2209203,Santa Filomena,PI,-9.320053,-45.843001
2209302,Santa Luz,PI,-8.972339,-44.11563
2209351,Santana do Piauí,PI,-6.923303,-41.543094
2209377,Santa Rosa do Piauí,PI,-6.801386,-42.25739
2209401,Santo Antônio de Lisboa,PI,-6.976099,-41.235136
2209450,Santo Antônio dos Milagres,PI,-6.031811,-42.715985
2209500,Santo Inácio do Piauí,PI,-7.438912,-41.878218
2209559,São Braz do Piauí,PI,-9.075727,-42.940396
2209609,São Félix do Piauí,PI,-5.926683,-42.131776
2209658,São Francisco de Assis do Piauí,PI,-8.241357,-41.659771
2209708,São Francisco do Piauí,PI,-6.899903,-42.414261
2209757,São Gonçalo do Gurguéia,PI,-10.033346,-45.278815
2209807,São Gonçalo do Piauí,PI,-5.987481,-42.69534
2209856,São João da Canabrava,PI,-6.826972,-41.354321
2209872,São João da Fronteira,PI,-3.989499,-41.296568
2209906,São João da Serra,PI,-5.510438,-41.898012
2209955,São João da Varjota,PI,-6.958204,-41.848316
2209971,São João do Arraial,PI,-3.792567,-42.457254
2210003,São João do Piauí,PI,-8.327696,-42.33315
2210052,São José do Divino,PI,-3.797375,-41.852233
2210102,São José do Peixe,PI,-7.511041,-42.581089
2210201,São José do Piauí,PI,-6.891342,-41.658669
2210300,São Julião,PI,-7.124248,-40.92747
2210359,São Lourenço do Piauí,PI,-9.162429,-42.622444
2210375,São Luis do Piauí,PI,-6.847457,-41.326667
2210383,São Miguel da Baixa Grande,PI,-5.855874,-42.191952
2210391,São Miguel do Fidalgo,PI,-7.589491,-42.375064
2210409,São Miguel do Tapuio,PI,-5.529461,-41.346314
2210508,São Pedro do Piauí,PI,-5.915527,-42.737507
2210607,São Raimundo Nonato,PI,-9.005929,-42.655955
2210623,Sebastião Barros,PI,-10.789634,-44.18449
2210631,Sebastião Leal,PI,-7.446049,-44.121837
2210656,Sigefredo Pacheco,PI,-4.97819,-41.75626
2210706,Simões,PI,-7.634569,-40.79861
2210805,Simplício Mendes,PI,-7.852162,-41.826409
2210904,Socorro do Piauí,PI,-7.858473,-42.560791
2210938,Sussuapara,PI,-7.047322,-41.380291
2210953,Tamboril do Piauí,PI,-8.331017,-42.380754
2210979,Tanque do Piauí,PI,-6.658188,-42.193065
2211001,Teresina,PI,-5.091346,-42.802701
2211100,União,PI,-4.577004,-42.795433
2211209,Uruçuí,PI,-7.476618,-44.521764
2211308,Valença do Piauí,PI,-6.450715,-41.768361
2211357,Várzea Branca,PI,-9.185995,-42.827018
2211407,Várzea Grande,PI,-6.563636,-42.194382
2211506,Vera Mendes,PI,-7.632033,-41.475514
2211605,Vila Nova do Piauí,PI,-7.132881,-40.938041
2211704,Wall Ferraz,PI,-7.229426,-41.911154
2300101,Abaiara,CE,-7.344318,-39.062629
2300150,Acarape,CE,-4.222934,-38.706291
2300200,Acaraú,CE,-2.999007,-40.119596
2300309,Acopiara,CE,-6.103605,-39.945631
2300408,Aiuaba,CE,-6.57786,-40.133203
2300507,Alcântaras,CE,-3.584649,-40.546385
2300606,Altaneira,CE,-7.014366,-39.744435
2300705,Alto Santo,CE,-5.475282,-38.253501
2300754,Amontada,CE,-3.375848,-39.843768
2300804,Antonina do Norte,CE,-6.776263,-39.988694
2300903,Apuiarés,CE,-4.508323,-39.69303
2301000,Aquiraz,CE,-3.904224,-38.392729
2301109,Aracati,CE,-4.60649,-37.767941
2301208,Aracoiaba,CE,-4.372742,-38.812612
2301257,Ararendá,CE,-4.74291,-40.848324
2301307,Araripe,CE,-7.210912,-40.105824
2301406,Aratuba,CE,-4.412633,-39.044316
2301505,Arneiroz,CE,-6.28208,-40.154013
2301604,Assaré,CE,-6.908463,-39.85157
2301703,Aurora,CE,-6.934196,-38.972275
2301802,Baixio,CE,-6.720105,-38.716012
2301851,Banabuiú,CE,-5.304554,-38.934422
2301901,Barbalha,CE,-7.304849,-39.30655
2301950,Barreira,CE,-4.286509,-38.655249
2302008,Barro,CE,-7.1678,-38.802403
2302057,Barroquinha,CE,-3.021362,-41.0608
2302107,Baturité,CE,-4.327708,-38.894141
2302206,Beberibe,CE,-4.301831,-38.149185
2302305,Bela Cruz,CE,-3.055183,-40.168629
2302404,Boa Viagem,CE,-5.163663,-39.713876
2302503,Brejo Santo,CE,-7.502064,-38.978802
2302602,Camocim,CE,-2.988964,-40.997144
2302701,Campos Sales,CE,-7.07129,-40.423317
2302800,Canindé,CE,-4.559606,-39.285325
2302909,Capistrano,CE,-4.449389,-38.93875
2303006,Caridade,CE,-4.242012,-39.175417
2303105,Cariré,CE,-3.940955,-40.525267
2303204,Caririaçu,CE,-6.768082,-39.541786
2303303,Cariús,CE,-6.553114,-39.450217
2303402,Carnaubal,CE,-4.15504,-40.92876
2303501,Cascavel,CE,-4.253232,-38.384347
2303600,Catarina,CE,-6.104614,-39.995723
2303659,Catunda,CE,-4.622775,-40.287891
2303709,Caucaia,CE,-3.740518,-38.666807
2303808,Cedro,CE,-6.563717,-39.064199
2303907,Chaval,CE,-3.034473,-41.192753
2303931,Choró,CE,-4.835249,-39.115923
2303956,Chorozinho,CE,-4.303855,-38.494112
2304004,Coreaú,CE,-3.669338,-40.653262
2304103,Crateús,CE,-5.181965,-40.626707
2304202,Crato,CE,-7.178845,-39.428774
2304236,Croatá,CE,-4.424405,-40.850533
2304251,Cruz,CE,-3.109264,-40.273855
2304269,Deputado Irapuan Pinheiro,CE,-5.854675,-39.469077
2304277,Ererê,CE,-6.030172,-38.350005
2304285,Eusébio,CE,-3.887585,-38.45102
2304301,Farias Brito,CE,-6.927755,-39.523969
2304350,Forquilha,CE,-3.813444,-40.31942
2304400,Fortaleza,CE,-3.802573,-38.504343
2304459,Fortim,CE,-4.434306,-37.798995
2304509,Frecheirinha,CE,-3.79102,-40.812378
2304608,General Sampaio,CE,-4.051956,-39.453541
2304657,Graça,CE,-4.041636,-40.712613
2304707,Granja,CE,-3.261178,-40.845633
2304806,Granjeiro,CE,-6.881059,-39.215601
2304905,Groaíras,CE,-3.883856,-40.388353
2304954,Guaiúba,CE,-4.066767,-38.639506
2305001,Guaraciaba do Norte,CE,-4.113175,-40.859917
2305100,Guaramiranga,CE,-4.260752,-38.932812
2305209,Hidrolândia,CE,-4.398483,-40.424348
2305233,Horizonte,CE,-4.129922,-38.490689
2305266,Ibaretama,CE,-4.856564,-38.737561
2305308,Ibiapina,CE,-3.954711,-40.889007
2305332,Ibicuitinga,CE,-4.970471,-38.650671
2305357,Icapuí,CE,-4.702863,-37.430055
2305407,Icó,CE,-6.45996,-38.875943
2305506,Iguatu,CE,-6.361302,-39.302632
2305605,Independência,CE,-5.404178,-40.281186
2305654,Ipaporanga,CE,-4.881843,-40.847678
2305704,Ipaumirim,CE,-6.754669,-38.721099
2305803,Ipu,CE,-4.30085,-40.718932
2305902,Ipueiras,CE,-4.581235,-40.669991
2306009,Iracema,CE,-5.868791,-38.314242
2306108,Irauçuba,CE,-3.748645,-39.770041
2306207,Itaiçaba,CE,-4.6767,-37.832369
2306256,Itaitinga,CE,-3.966876,-38.532525
2306306,Itapajé,CE,-3.687976,-39.562614
2306405,Itapipoca,CE,-3.503674,-39.690267
2306504,Itapiúna,CE,-4.603738,-38.98756
2306553,Itarema,CE,-2.960388,-39.915977
2306603,Itatira,CE,-4.567085,-39.528207
2306702,Jaguaretama,CE,-5.611519,-38.751443
2306801,Jaguaribara,CE,-5.457399,-38.612561
2306900,Jaguaribe,CE,-5.824212,-38.676895
2307007,Jaguaruana,CE,-4.747848,-37.769546
2307106,Jardim,CE,-7.578877,-39.278976
2307205,Jati,CE,-7.685567,-38.974454
2307254,Jijoca de Jericoacoara,CE,-2.883966,-40.466325
2307304,Juazeiro do Norte,CE,-7.221805,-39.314876
2307403,Jucás,CE,-6.535621,-39.577284
2307502,Lavras da Mangabeira,CE,-6.756736,-38.970724
2307601,Limoeiro do Norte,CE,-5.167276,-38.07576
2307635,Madalena,CE,-4.845122,-39.51627
2307650,Maracanaú,CE,-3.876342,-38.622491
2307700,Maranguape,CE,-3.923681,-38.732817
2307809,Marco,CE,-3.123656,-40.166954
2307908,Martinópole,CE,-3.167577,-40.729462
2308005,Massapê,CE,-3.561531,-40.350156
2308104,Mauriti,CE,-7.38069,-38.710288
2308203,Meruoca,CE,-3.548591,-40.451967
2308302,Milagres,CE,-7.305974,-38.940776
2308351,Milhã,CE,-5.672513,-39.185456
2308377,Miraíma,CE,-3.594236,-39.858281
2308401,Missão Velha,CE,-7.24591,-39.13045
2308500,Mombaça,CE,-5.753266,-39.633151
2308609,Monsenhor Tabosa,CE,-4.888372,-40.02399
2308708,Morada Nova,CE,-5.106007,-38.423113
2308807,Moraújo,CE,-3.425457,-40.680123
2308906,Morrinhos,CE,-3.316491,-40.089239
2309003,Mucambo,CE,-3.909374,-40.744521
2309102,Mulungu,CE,-4.287509,-38.995499
2309201,Nova Olinda,CE,-7.101777,-39.69049
2309300,Nova Russas,CE,-4.704251,-40.589207
2309409,Novo Oriente,CE,-5.534138,-40.751562
2309458,Ocara,CE,-4.527461,-38.621188
2309508,Orós,CE,-6.256034,-38.943088
2309607,Pacajus,CE,-4.148425,-38.458407
2309706,Pacatuba,CE,-3.97963,-38.620676
2309805,Pacoti,CE,-4.209017,-38.923198
2309904,Pacujá,CE,-3.983353,-40.70545
2310001,Palhano,CE,-4.703078,-38.015927
2310100,Palmácia,CE,-4.145218,-38.866369
2310209,Paracuru,CE,-3.440274,-39.059853
2310258,Paraipaba,CE,-3.478641,-39.141591
2310308,Parambu,CE,-6.190467,-40.598919
2310407,Paramoti,CE,-4.043461,-39.417151
2310506,Pedra Branca,CE,-5.463593,-39.735543
2310605,Penaforte,CE,-7.824375,-39.063306
2310704,Pentecoste,CE,-3.886752,-39.280255
2310803,Pereiro,CE,-6.037036,-38.465172
2310852,Pindoretama,CE,-4.029031,-38.300265
2310902,Piquet Carneiro,CE,-5.794954,-39.423715
2310951,Pires Ferreira,CE,-4.245117,-40.653374
2311009,Poranga,CE,-4.747578,-40.924242
2311108,Porteiras,CE,-7.5356,-39.11719
2311207,Potengi,CE,-7.088814,-40.024323
2311231,Potiretama,CE,-5.739527,-38.19098
2311264,Quiterianópolis,CE,-5.977033,-40.728272
2311306,Quixadá,CE,-4.96123,-39.04262
2311355,Quixelô,CE,-6.274743,-39.346216
2311405,Quixeramobim,CE,-5.199256,-39.300842
2311504,Quixeré,CE,-5.052629,-37.964485
2311603,Redenção,CE,-4.217876,-38.727986
2311702,Reriutaba,CE,-4.128956,-40.593563
2311801,Russas,CE,-4.915294,-38.031383
2311900,Saboeiro,CE,-6.521407,-39.936475
2311959,Salitre,CE,-7.149415,-40.596453
2312007,Santana do Acaraú,CE,-3.468422,-40.217262
2312106,Santana do Cariri,CE,-7.194785,-39.755692
2312205,Santa Quitéria,CE,-4.357304,-40.139384
2312304,São Benedito,CE,-4.039277,-40.882101
2312403,São Gonçalo do Amarante,CE,-3.602263,-38.984095
2312502,São João do Jaguaribe,CE,-5.263859,-38.272856
2312601,São Luís do Curu,CE,-3.676449,-39.232045
2312700,Senador Pompeu,CE,-5.586197,-39.352834
2312809,Senador Sá,CE,-3.353535,-40.470388
2312908,Sobral,CE,-3.690883,-40.350064
2313005,Solonópole,CE,-5.710602,-39.064102
2313104,Tabuleiro do Norte,CE,-5.24705,-38.128331
2313203,Tamboril,CE,-4.864296,-40.290672
2313252,Tarrafas,CE,-6.674425,-39.774463
2313302,Tauá,CE,-6.114572,-40.313555
2313351,Tejuçuoca,CE,-3.988711,-39.570858
2313401,Tianguá,CE,-3.833114,-40.997638
2313500,Trairi,CE,-3.358711,-39.258281
2313559,Tururu,CE,-3.59327,-39.420937
2313609,Ubajara,CE,-3.848524,-40.897726
2313708,Umari,CE,-6.647148,-38.699901
2313757,Umirim,CE,-3.677512,-39.349736
2313807,Uruburetama,CE,-3.620898,-39.507716
2313906,Uruoca,CE,-3.316452,-40.556354
2313955,Varjota,CE,-4.186114,-40.481761
2314003,Várzea Alegre,CE,-6.782219,-39.336271
2314102,Viçosa do Ceará,CE,-3.563466,-41.036239
2400109,Acari,RN,-6.433756,-36.628305
2400208,Açu,RN,-5.577634,-36.914284
2400307,Afonso Bezerra,RN,-5.481504,-36.503949
2400406,Água Nova,RN,-6.213923,-38.299337
2400505,Alexandria,RN,-6.395964,-38.018496
2400604,Almino Afonso,RN,-6.149141,-37.77665
2400703,Alto do Rodrigues,RN,-5.289774,-36.752428
2400802,Angicos,RN,-5.689328,-36.576222
2400901,Antônio Martins,RN,-6.212336,-37.913803
2401008,Apodi,RN,-5.65331,-37.792886
2401107,Areia Branca,RN,-4.974982,-37.115656
2401206,Arês,RN,-6.18681,-35.159119
2401305,Augusto Severo,RN,-5.851789,-36.97238
2401404,Baía Formosa,RN,-6.370166,-35.012281
2401453,Baraúna,RN,-5.014863,-37.556369
2401503,Barcelona,RN,-5.948737,-35.930725
2401602,Bento Fernandes,RN,-5.69624,-35.807908
2401651,Bodó,RN,-5.980325,-36.422592
2401701,Bom Jesus,RN,-5.985196,-35.584215
2401800,Brejinho,RN,-6.190741,-35.32408
2401859,Caiçara do Norte,RN,-5.074539,-36.051255
2401909,Caiçara do Rio do Vento,RN,-5.764654,-35.982671
2402006,Caicó,RN,-6.464715,-37.082768
2402105,Campo Redondo,RN,-6.231231,-36.18837
2402204,Canguaretama,RN,-6.369752,-35.1334
2402303,Caraúbas,RN,-5.783099,-37.556018
2402402,Carnaúba dos Dantas,RN,-6.592374,-36.601987
2402501,Carnaubais,RN,-5.330625,-36.826534
2402600,Ceará-Mirim,RN,-5.578232,-35.392892
2402709,Cerro Corá,RN,-6.050006,-36.350428
2402808,Coronel Ezequiel,RN,-6.373192,-36.218835
2402907,Coronel João Pessoa,RN,-6.243431,-38.341693
2403004,Cruzeta,RN,-6.418939,-36.784391
2403103,Currais Novos,RN,-6.260744,-36.514258
2403202,Doutor Severiano,RN,-6.10242,-38.414645
2403251,Parnamirim,RN,-5.920127,-35.216878
2403301,Encanto,RN,-6.103221,-38.301181
2403400,Equador,RN,-6.940484,-36.715704
2403509,Espírito Santo,RN,-6.326542,-35.312373
2403608,Extremoz,RN,-5.692699,-35.271419
2403707,Felipe Guerra,RN,-5.602938,-37.691994
2403756,Fernando Pedroza,RN,-5.693429,-36.43063
2403806,Florânia,RN,-6.133189,-36.799877
2403905,Francisco Dantas,RN,-6.086485,-38.164155
2404002,Frutuoso Gomes,RN,-6.138202,-37.916999
2404101,Galinhos,RN,-5.116894,-36.263552
2404200,Goianinha,RN,-6.253703,-35.209951
2404309,Governador Dix-Sept Rosado,RN,-5.426623,-37.521017
2404408,Grossos,RN,-4.997183,-37.160109
2404507,Guamaré,RN,-5.14322,-36.336743
2404606,Ielmo Marinho,RN,-5.835526,-35.544703
2404705,Ipanguaçu,RN,-5.520887,-36.848161
2404804,Ipueira,RN,-6.813185,-37.209078
2404853,Itajá,RN,-5.675281,-36.842765
2404903,Itaú,RN,-5.838423,-37.991607
2405009,Jaçanã,RN,-6.411105,-36.198179
2405108,Jandaíra,RN,-5.370764,-36.024728
2405207,Janduís,RN,-6.008896,-37.400804
2405306,Januário Cicco,RN,-6.147233,-35.626797
2405405,Japi,RN,-6.460334,-35.944513
2405504,Jardim de Angicos,RN,-5.637751,-35.971496
2405603,Jardim de Piranhas,RN,-6.378504,-37.342121
2405702,Jardim do Seridó,RN,-6.595238,-36.768291
2405801,João Câmara,RN,-5.551638,-35.889917
2405900,João Dias,RN,-6.268841,-37.801121
2406007,José da Penha,RN,-6.310674,-38.281734
2406106,Jucurutu,RN,-6.044947,-37.015175
2406155,Jundiá,RN,-6.27517,-35.35361
2406205,Lagoa d'Anta,RN,-6.386112,-35.588518
2406304,Lagoa de Pedras,RN,-6.155876,-35.45726
2406403,Lagoa de Velhos,RN,-6.00606,-35.89149
2406502,Lagoa Nova,RN,-6.080639,-36.488948
2406601,Lagoa Salgada,RN,-6.117326,-35.474074
2406700,Lajes,RN,-5.687955,-36.253002
2406809,Lajes Pintadas,RN,-6.154861,-36.114763
2406908,Lucrécia,RN,-6.107674,-37.810505
2407005,Luís Gomes,RN,-6.417067,-38.388836
2407104,Macaíba,RN,-5.90956,-35.359492
2407203,Macau,RN,-5.10859,-36.550548
2407252,Major Sales,RN,-6.406386,-38.31404
2407302,Marcelino Vieira,RN,-6.301801,-38.166265
2407401,Martins,RN,-6.113773,-37.924797
2407500,Maxaranguape,RN,-5.510396,-35.342411
2407609,Messias Targino,RN,-6.07719,-37.50991
2407708,Montanhas,RN,-6.471292,-35.275592
2407807,Monte Alegre,RN,-6.067788,-35.336083
2407906,Monte das Gameleiras,RN,-6.432908,-35.790813
2408003,Mossoró,RN,-5.284114,-37.314855
2408102,Natal,RN,-5.83955,-35.205178
2408201,Nísia Floresta,RN,-6.114948,-35.203887
2408300,Nova Cruz,RN,-6.482166,-35.433045
2408409,Olho-d'Água do Borges,RN,-5.950676,-37.712295
2408508,Ouro Branco,RN,-6.682727,-36.949495
2408607,Paraná,RN,-6.46111,-38.317083
2408706,Paraú,RN,-5.778996,-37.096709
2408805,Parazinho,RN,-5.257724,-35.832059
2408904,Parelhas,RN,-6.695244,-36.663005
2408953,Rio do Fogo,RN,-5.312732,-35.395606
2409001,Passa e Fica,RN,-6.428049,-35.648756
2409100,Passagem,RN,-6.275721,-35.373528
2409209,Passa e Fica,RN,-6.428049,-35.648756
2409308,Patu,RN,-6.102736,-37.644544
2409332,Santa Maria,RN,-5.83408,-35.691741
2409407,Pau dos Ferros,RN,-6.115423,-38.211488
2409506,Pedra Grande,RN,-5.16411,-35.514356
2409605,Pedra Preta,RN,-5.551288,-36.11246
2409704,Pedro Avelino,RN,-5.495395,-36.384097
2409803,Pedro Velho,RN,-6.446748,-35.223209
2409902,Pendências,RN,-5.253816,-36.750905
2410009,Pilões,RN,-6.259271,-38.024038
2410108,Poço Branco,RN,-5.613164,-35.682384
2410207,Portalegre,RN,-6.018394,-37.994555
2410256,Porto do Mangue,RN,-5.092481,-36.764577
2410306,Presidente Juscelino,RN,-6.125719,-35.698413
2410405,Pureza,RN,-5.448143,-35.577685
2410504,Rafael Fernandes,RN,-6.190659,-38.217364
2410603,Rafael Godeiro,RN,-6.063146,-37.697893
2410702,Riacho da Cruz,RN,-5.936586,-37.956775
2410801,Riacho de Santana,RN,-6.261449,-38.321519
2410900,Riachuelo,RN,-5.819424,-35.847202
2411007,Rodolfo Fernandes,RN,-5.79574,-38.049894
2411056,Tibau,RN,-4.83792,-37.245672
2411106,Ruy Barbosa,RN,-5.880735,-35.939839
2411205,Santa Cruz,RN,-6.222836,-36.020653
2411403,Santana do Matos,RN,-5.949253,-36.644314
2411429,Santana do Seridó,RN,-6.780586,-36.735804
2411502,Santo Antônio,RN,-6.310509,-35.480947
2411601,São Bento do Norte,RN,-5.095145,-36.083452
2411700,São Bento do Trairí,RN,-6.341941,-36.084788
2411809,São Fernando,RN,-6.380821,-37.189885
2411908,São Francisco do Oeste,RN,-5.981682,-38.147701
2412005,São Gonçalo do Amarante,RN,-5.789175,-35.340114
2412104,São João do Sabugi,RN,-6.717102,-37.210922
2412203,São José de Mipibu,RN,-6.102687,-35.282703
2412302,São José do Campestre,RN,-6.315047,-35.718688
2412401,São José do Seridó,RN,-6.441706,-36.851926
2412500,São Miguel,RN,-6.201034,-38.49103
2412559,São Miguel do Gostoso,RN,-5.173625,-35.586813
2412609,São Paulo do Potengi,RN,-5.895649,-35.768501
2412708,São Pedro,RN,-5.898574,-35.640874
2412807,São Rafael,RN,-5.742493,-36.87382
2412906,São Tomé,RN,-5.925934,-36.069702
2413003,São Vicente,RN,-6.238787,-36.672626
2413102,Senador Elói de Souza,RN,-6.038206,-35.65477
2413201,Senador Georgino Avelino,RN,-6.169535,-35.154541
2413300,Serra de São Bento,RN,-6.414005,-35.681109
2413359,Serra do Mel,RN,-5.171173,-37.037541
2413409,Serra Negra do Norte,RN,-6.591374,-37.425152
2413508,Serrinha,RN,-6.283489,-35.516543
2413557,Serrinha dos Pintos,RN,-6.104989,-37.957575
2413607,Severiano Melo,RN,-5.8239,-37.943922
2413706,Sítio Novo,RN,-6.102109,-36.041555
2413805,Taboleiro Grande,RN,-5.940393,-38.000183
2413904,Taipu,RN,-5.614962,-35.588719
2414001,Tangará,RN,-6.199004,-35.805436
2414100,Tenente Ananias,RN,-6.448213,-38.176324
2414159,Tenente Laurentino Cruz,RN,-6.137634,-36.719626
2414209,Tibau do Sul,RN,-6.228839,-35.102515
2414308,Timbaúba dos Batistas,RN,-6.459212,-37.263055
2414407,Touros,RN,-5.325795,-35.626537
2414456,Triunfo Potiguar,RN,-5.872243,-37.194315
2414506,Umarizal,RN,-5.999743,-37.815962
2414605,Upanema,RN,-5.646826,-37.223394
2414704,Várzea,RN,-6.344817,-35.381623
2414753,Venha-Ver,RN,-6.328774,-38.488813
2414803,Vera Cruz,RN,-6.024256,-35.431766
2414902,Viçosa,RN,-5.983946,-37.946445
2415008,Vila Flor,RN,-6.323617,-35.077264
